Org Website,Filtered Links
http://www.abr.com.sg/,"['https://abr.com.sg/about-abr/', 'https://abr.com.sg/about-abr/']"
https://lifeinabundance.org,[]
http://www.abundanteseguros.com.br,[]
http://www.weh.sg/,[]
http://www.acesiansystems.com,[]
https://www.acmaeng.com.sg/,[]
http://www.advancedtech-systems.com,"['https://www.advancedtechsystems.com/about/', 'https://www.advancedtechsystems.com/about/']"
https://www.alliancehealthcare.com.sg,"['https://alliancehealthcare.com.sg/about-alliance/', 'https://alliancehealthcare.com.sg/about-alliance/', 'https://alliancehealthcare.com.sg/about-alliance/alliance-brand-story/', 'https://alliancehealthcare.com.sg/about-alliance/board-of-directors/', 'https://alliancehealthcare.com.sg/about-alliance/management-team/', 'https://alliancehealthcare.com.sg/about-alliance/keeping-your-personal-data-safe/', 'https://alliancehealthcare.com.sg/about-alliance/', 'https://alliancehealthcare.com.sg/about-alliance/', 'https://alliancehealthcare.com.sg/about-alliance/alliance-brand-story/', 'https://alliancehealthcare.com.sg/about-alliance/board-of-directors/', 'https://alliancehealthcare.com.sg/about-alliance/management-team/', 'https://alliancehealthcare.com.sg/about-alliance/keeping-your-personal-data-safe/', 'https://alliancehealthcare.com.sg/AHG-WPCONFIG/about-alliance/']"
http://www.annaik.com,[]
http://www.apoil.com.sg,[]
http://www.bestworld.com.sg/,[]
http://www.brc.com.sg,"['https://www.brc.com.sg/about-us/', 'https://www.brc.com.sg/about-us/who-we-are/', 'https://www.brc.com.sg/about-us/leadership/', 'https://www.brc.com.sg/about-us/', 'https://www.brc.com.sg/about-us/who-we-are/', 'https://www.brc.com.sg/about-us/leadership/', 'https://www.brc.com.sg/about-us/', 'https://www.brc.com.sg/about-us/who-we-are/', 'https://www.brc.com.sg/about-us/', 'https://www.brc.com.sg/about-us/']"
,[]
https://casa.sg/,"['https://casa.sg/about/', 'https://casa.sg/about/', 'https://casa.sg/about/']"
http://www.choffshore.com.sg/,[]
http://cil.com.sg,[]
http://www.caosco.com/home,"['/about-us', '/about-us']"
https://www.cdl.com.sg/,[]
http://www.cortina.com.sg/,"['https://www.cortinawatch.com/en/about-cortina-watch/', '/about']"
http://www.creative.com,['/blog/key-benefits-about-bone-conduction-headphones']
http://www.cse.com.sg,[]
http://www.delfilimited.com,['about.html']
http://www.engro-global.com,"['https://engro-global.com/about-us/', 'https://engro-global.com/about-engro/career/', 'https://engro-global.com/about-us/', 'https://engro-global.com/about-engro/career/', '/about-us/', '/about-us/', 'https://engro-global.com/about-us/', 'https://engro-global.com/about-engro/career/']"
http://www.fjbenjamin.com,[]
http://www.fareastgroup.com.sg/home.html,"['https://fareastgroup.com.sg/about/', 'https://fareastgroup.com.sg/about/']"
http://www.fareastorchard.com.sg/,[]
https://www.fuyucorp.com/,[]
http://www.greateasternlife.com,"['/sg/en/about-us.html', '/sg/en/about-us/company-profile.html', '/sg/en/about-us/company-profile/our-leaders.html', '/sg/en/about-us/investor-relations.html', '/sg/en/about-us/media-centre.html', '/sg/en/about-us/sustainability.html', '/sg/en/about-us/company-profile.html', '/sg/en/about-us/investor-relations.html', '/sg/en/about-us/media-centre.html', '/sg/en/about-us/sustainability.html', 'https://www.greateasternlife.com/mm/en/about-us.html', 'https://www.greateasternlife.com/mm/my/about-us.html']"
https://www.heeton.com/,"['https://www.heeton.com/corporate-profile/about-us', 'https://www.heeton.com/corporate-profile/about-us', 'https://www.heeton.com/about-us', 'https://www.heeton.com/about-us']"
http://www.hiapseng.com,[]
https://hoeleong.com/,"['/about/', 'https://hoeleong.com/about/', '/about/', 'https://hoeleong.com/about/', '/about/', 'https://hoeleong.com/about/']"
,[]
,[]
http://www.shpreit.com,"['https://www.shpreit.com/responsibility/about/', 'https://www.shpreit.com/responsibility/about/']"
http://royalqueens.com.sg,[]
http://www.ifscapital.com.sg,"['/about-us', '/about-us', '/about-us', '/about-us']"
https://www.intraco-consulting.com/,[]
http://www.isetan.com.sg,"['https://www.isetan.com.sg/about-us/', 'https://www.isetan.com.sg/about-us/', '/about-us']"
http://jackspeed.com/,"['JackSpeed-About-Us-Jackspeed-Group-leather-manufacturer-leather-upholstery-automotive-seat-leather', 'JackSpeed-About-Us-Jackspeed-Group-leather-manufacturer-leather-upholstery-automotive-seat-leather']"
http://www.khongguan.com.sg/,"['https://www.khongguan.com.sg/about-us/', 'https://www.khongguan.com.sg/about-us/', 'http://www.khongguan.com.sg/about-us/']"
http://kodaonline.com,"['https://www.kodaonline.com/about', 'https://www.kodaonline.com/about#corporate_video', 'https://www.kodaonline.com/about#facilities', 'https://www.kodaonline.com/about', 'https://www.kodaonline.com/about', 'https://www.kodaonline.com/about']"
http://WWW.KSENERGYSERVICES.COM,"['https://millerpipeline.com/about-miller-pipeline/', 'https://millerpipeline.com/about-miller-pipeline/', 'https://millerpipeline.com/about/pipeline-safety-management-system/', 'https://millerpipeline.com/about-miller-pipeline/', 'https://millerpipeline.com/about-miller-pipeline/', 'https://millerpipeline.com/about/pipeline-safety-management-system/', 'https://millerpipeline.com/about-miller-pipeline/', 'https://millerpipeline.com/about-miller-pipeline/']"
http://www.leychoon.com,[]
http://www.mit.com.sg,"['index.html#aboutmspl', 'index.html#aboutmspl']"
http://matex.com.sg,"['/en/about-us', '/en/about-us/history--milestones', '/en/about-us/our-vision-mission-values-promise', '/en/about-us/ceo-message', '/en/about-us/featured-videos', '/about-us']"
https://www.megachem.com/home.html,[]
https://metahealth.sg/,"['https://metahealth.sg/about-us/corporate-position/', 'https://metahealth.sg/about-us/corporate-profile/', 'https://metahealth.sg/about-us/board-of-directors/', 'https://metahealth.sg/about-us/key-management-team-profile/', 'https://metahealth.sg/about-us/group-structure/', 'https://metahealth.sg/about-us/milestones/', 'https://metahealth.sg/about-us/corporate-position/', 'https://metahealth.sg/about-us/corporate-profile/', 'https://metahealth.sg/about-us/board-of-directors/', 'https://metahealth.sg/about-us/key-management-team-profile/', 'https://metahealth.sg/about-us/group-structure/', 'https://metahealth.sg/about-us/milestones/', 'https://metahealth.sg/about-us/corporate-position/', 'https://metahealth.sg/about-us/', 'https://metahealth.sg/about-us/corporate-position/', 'https://metahealth.sg/about-us/corporate-profile/', 'https://metahealth.sg/about-us/board-of-directors/', 'https://metahealth.sg/about-us/key-management-team-profile/', 'https://metahealth.sg/about-us/group-structure/', 'https://metahealth.sg/about-us/milestones/']"
http://www.metisenergy.com,[]
https://www.metroholdings.com.sg,['about_corporateprofile.html']
http://miyoshiamerica.com/,"['https://miyoshiamerica.com/about-miyoshi/', 'https://miyoshiamerica.com/about-miyoshi/', '/about-miyoshi/', 'https://miyoshiamerica.com/about-miyoshi/', '/about-miyoshi', 'https://miyoshiamerica.com/about-miyoshi/']"
http://www.mun-siong.com,[]
,[]
https://nti-nanofilm.com,[]
http://nera.net/,"['https://www1.nera.net/company/about-us/', 'https://www1.nera.net/company/about-us/', 'https://www1.nera.net/company/about-us/', 'https://www1.nera.net/company/about-us/']"
http://www.nippecraft.com.sg/,[]
http://www.noelgifts.com,['/about-us']
,[]
http://www.ossia.com.sg/,"['https://www.ossia.com.sg/about', 'https://www.ossia.com.sg/about']"
https://www.ouerestaurants.com/,"['/about-us', '/about-us', '/about-us']"
,[]
http://www.penguin.com.sg,"['http://www.penguin.com.sg/about-us/', 'http://www.penguin.com.sg/about-us/corporate-profile/', 'http://www.penguin.com.sg/about-us/investor-relations/', 'http://www.penguin.com.sg/about-us/careers/', 'http://www.penguin.com.sg/about-us/whistle-blowing-policy/', '/about-us/penguin-corporate-video/', 'http://www.penguin.com.sg/about-us/corporate-profile/', 'http://www.penguin.com.sg/about-us/investor-relations/', 'http://www.penguin.com.sg/about-us/careers/', 'http://www.penguin.com.sg/about-us/whistle-blowing-policy/']"
http://www.pne.com.sg,"['https://pne.com.sg/industries/about-us/', 'https://pne.com.sg/industries/about/', 'https://pne.com.sg/industries/about-us/', 'https://pne.com.sg/industries/about-us/']"
https://www.biotech.com,"['https://biotech.com/about-us/', 'https://biotech.com/about-us/leadership-team/', 'https://biotech.com/about-us/frequently-asked-questions-faq/', 'https://biotech.com/about-us/dei-statement/', 'https://biotech.com/about-us/leadership-team/', 'https://biotech.com/about-us/frequently-asked-questions-faq/', 'https://biotech.com/about-us/dei-statement/', 'https://biotech.com/about-us/', 'https://biotech.com/about-us/leadership-team/', 'https://biotech.com/about-us/frequently-asked-questions-faq/', 'https://biotech.com/about-us/dei-statement/']"
http://www.qianhu.com,"['/about-qian-hu', '/about-qian-hu/corporate-profile', '/about-qian-hu/awards-n-accolades', '/about-qian-hu/board-of-directors', '/about-qian-hu/key-management', '/about-qian-hu/group-structure', '/about-qian-hu/qian-hu-story', '/about-qian-hu/our-mission', '/about-qian-hu/privacy-policy', '/about-qian-hu/sitemap', '/about-qian-hu', '/about-qian-hu/corporate-profile', '/about-qian-hu/awards-n-accolades', '/about-qian-hu/board-of-directors', '/about-qian-hu/key-management', '/about-qian-hu/group-structure', '/about-qian-hu/qian-hu-story', '/about-qian-hu/our-mission', '/about-qian-hu/privacy-policy', '/about-qian-hu/sitemap']"
http://www.rafflesmedicalgroup.com,"['http://www.raffles-osaka.com/about/', 'https://www.rafflesmedicalgroup.com/our-group/about-us/our-heritage/', 'https://www.rafflesmedicalgroup.com/our-group/about-us/vision-philosophy/', 'https://www.rafflesmedicalgroup.com/our-group/about-us/corporate-fact-sheet/', 'https://www.rafflesmedicalgroup.com/our-group/about-us/milestones/', 'https://www.rafflesmedicalgroup.com/our-group/about-us/awards/', 'https://www.rafflesmedicalgroup.com/our-group/about-us/management/board-of-directors/', 'https://www.rafflesmedicalgroup.com/our-group/about-us/management/senior-management/', 'https://www.rafflesmedicalgroup.com/our-group/about-us/management/senior-physician-leaders/', 'https://www.rafflesmedicalgroup.com/our-group/about-us/our-heritage/', 'https://www.rafflesmedicalgroup.com/our-group/about-us/our-heritage/', 'https://www.rafflesmedicalgroup.com/our-group/about-us/vision-philosophy/', 'https://www.rafflesmedicalgroup.com/our-group/about-us/corporate-fact-sheet/', 'https://www.rafflesmedicalgroup.com/our-group/about-us/milestones/', 'https://www.rafflesmedicalgroup.com/our-group/about-us/management/board-of-directors/', 'https://www.rafflesmedicalgroup.com/our-group/about-us/management/senior-management/', 'https://www.rafflesmedicalgroup.com/our-group/about-us/management/senior-physician-leaders/', 'https://www.rafflesmedicalgroup.com/our-group/about-us/awards/']"
http://www.rhpetrogas.com,[]
http://www.sakaeholdings.com/,"['https://www.sakaeholdings.com/about', 'https://www.sakaeholdings.com/about']"
http://www.samudera.id/ssl,"['https://samudera.id/samuderashippinglineltd/en/5/aboutcompany', 'https://samudera.id/samuderashippinglineltd/en/5/aboutcompany#management', 'https://www.samudera.id/samuderashippinglineltd/en/5/aboutcompany']"
http://sg.statebank,"['https://sg.statebank/about-us', 'https://sg.statebank/about-us1', 'https://sg.statebank/about-sbi-singapore']"
http://www.sbstransit.com.sg,"['/about-us', '/about-us']"
http://secondchance.com.sg,[]
http://www.serialsystem.com,"['https://serialsystem.com/about-serial/', 'https://serialsystem.com/about-serial/']"
,[]
https://www.shanayagroup.com/,"['https://www.shanayagroup.com/about-us/', 'https://www.shanayagroup.com/about-us/']"
https://www.siaec.com.sg,[]
http://www.sif.com.sg/,[]
http://singaporeair.com/,[]
http://www.singpost.com,"['/about-us', '/about-us/investor-relations', '/about-us/careers', '/about-us/media-centre', '/about-us', 'https://www.singpost.com/about-us/news-releases/singpost-and-lazada-ink-mou-boost-adoption-carbon-efficient-ecommerce', 'https://www.singpost.com/about-us/news-releases/singpost-and-stellar-lifestyle-ink-mou-better-serve-consumers-and-smes', 'https://www.singpost.com/about-us/news-releases/singpost-supports-promotion-mental-wellness-cheng-san-seletar-constituency', 'https://www.singpost.com/about-us/news-releases/singpost-achieved-record-full-year-revenue-s19-billion-86-group-revenue', 'https://www.singpost.com/about-us/news-releases/launch-scdf-singpost-aed-wheels-programme', 'https://www.singpost.com/about-us/news-releases/singpost-and-lazada-ink-mou-boost-adoption-carbon-efficient-ecommerce', 'https://www.singpost.com/about-us/news-releases/singpost-and-stellar-lifestyle-ink-mou-better-serve-consumers-and-smes', 'https://www.singpost.com/about-us/news-releases/singpost-supports-promotion-mental-wellness-cheng-san-seletar-constituency', 'https://www.singpost.com/about-us/news-releases/singpost-achieved-record-full-year-revenue-s19-billion-86-group-revenue', 'https://www.singpost.com/about-us/news-releases/launch-scdf-singpost-aed-wheels-programme', 'https://www.singpost.com/about-us/news-releases/singpost-and-lazada-ink-mou-boost-adoption-carbon-efficient-ecommerce', 'https://www.singpost.com/about-us/news-releases/singpost-and-stellar-lifestyle-ink-mou-better-serve-consumers-and-smes', 'https://www.singpost.com/about-us/news-releases/singpost-supports-promotion-mental-wellness-cheng-san-seletar-constituency', 'https://www.singpost.com/about-us/news-releases/', '/about-us']"
http://www.smarttel.com,[]
http://sitraholdings.com,[]
http://www.spindex.com.sg,['../en/About.aspx?ID=474']
https://www.starhub.com,"['/about-us.html', '/about-us.html', '/about-us/legal-notices-and-terms.html', '/about-us/legal-notices-and-terms/personal-data-protection.html', '/about-us/legal-notices-and-terms/clickable-links.html']"
,[]
https://www.taisin.com.sg,"['https://www.taisin.com.sg/about-us/', '/about-us', 'https://www.taisin.com.sg/about-us/', 'https://www.taisin.com.sg/about-us/']"
http://www.tatseng-packaging.com,[]
http://www.telechoice.com.sg,"['about-consumer-business.html', 'about-consumer-business.html', 'about-consumer-business.html', 'about-consumer-business.html']"
http://tt-intl.com,[]
https://www.uoi.com.sg/,"['/about/index.page', '/about/board-of-directors.page', '/about/corporate-development.page', '/about/risk-management.page', '/about/board-of-directors.page', '/about/corporate-development.page', '/about/risk-management.page', '/about/index.page', '/about/board-of-directors.page', '/about/corporate-development.page', '/about/risk-management.page', '/about/index.page', '/about/board-of-directors.page', '/about/corporate-development.page', '/about/risk-management.page']"
https://www.venture.com.sg/,"['https://www.venture.com.sg/about/', 'https://www.venture.com.sg/about/', 'https://www.venture.com.sg/about/', 'https://www.venture.com.sg/about/', 'https://www.venture.com.sg/about/', 'https://www.venture.com.sg/about/', 'https://www.venture.com.sg/about/', 'https://www.venture.com.sg/about/']"
https://www.vicom.com.sg/,"['https://www.vicom.com.sg/About/Corporate-Profile', 'https://www.vicom.com.sg/About/Our-Vision-Mission-and-Core-Values', 'https://www.vicom.com.sg/About/Corporate-Responsibility', 'https://www.vicom.com.sg/About/Board-Of-Directors', 'https://www.vicom.com.sg/About/Key-Management', 'https://www.vicom.com.sg/Financials/News-About-Us']"
