Company,Org Website,Filtered Links
ABR HOLDINGS LIMITED,http://www.abr.com.sg/,['https://abr.com.sg/about-abr/']
ABUNDANCE INTERNATIONAL LIMITED,https://lifeinabundance.org,[]
ABUNDANTE LIMITED,http://www.abundanteseguros.com.br,[]
ACCRELIST LTD,http://www.weh.sg/,[]
ACESIAN PARTNERS LIMITED,http://www.acesiansystems.com,[]
ACMA LTD,https://www.acmaeng.com.sg/,"['https://www.acmaeng.com.sg//profile.asp?info=2', 'https://www.acmaeng.com.sg//profile.asp?info=1']"
ADVANCED SYSTEMS AUTOMATION LIMITED,http://www.advancedtech-systems.com,['https://www.advancedtechsystems.com/about/']
ALLIANCE HEALTHCARE GROUP LIMITED,https://www.alliancehealthcare.com.sg,"['https://alliancehealthcare.com.sg/about-alliance/', 'https://alliancehealthcare.com.sg/AHG-WPCONFIG/about-alliance/', 'https://alliancehealthcare.com.sg/about-alliance/alliance-brand-story/', 'https://alliancehealthcare.com.sg/about-alliance/management-team/', 'https://alliancehealthcare.com.sg/about-alliance/board-of-directors/', 'https://alliancehealthcare.com.sg/about-alliance/keeping-your-personal-data-safe/']"
ANNAIK LIMITED,http://www.annaik.com,['https://www.annaik.com.sg/company-profile']
AP OIL INTERNATIONAL LIMITED,http://www.apoil.com.sg,[]
BEST WORLD INTERNATIONAL LIMITED,http://www.bestworld.com.sg/,[]
BRC ASIA LIMITED,http://www.brc.com.sg,"['https://www.brc.com.sg/about-us/leadership/', 'https://www.brc.com.sg/about-us/', 'https://www.brc.com.sg/about-us/who-we-are/']"
CAMSING HEALTHCARE LIMITED,,[]
CASA HOLDINGS LIMITED,https://casa.sg/,['https://casa.sg/about/']
CH OFFSHORE LTD,http://www.choffshore.com.sg/,"['https://www.choffshore.com.sg/corporate-profile/', 'https://www.choffshore.com.sg/corporate-profile']"
CHEMICAL INDUSTRIES (FAR EAST) LIMITED,http://cil.com.sg,[]
CHINA AVIATION OIL (SINGAPORE) CORPORATION LTD,http://www.caosco.com/home,[]
CITY DEVELOPMENTS LIMITED,https://www.cdl.com.sg/,"['https://ir.cdl.com.sg/ownership-profile', 'https://www.cdl.com.sg//corporate-profile']"
CORTINA HOLDINGS LIMITED,http://www.cortina.com.sg/,"['https://www.cortinawatch.com/en/about-cortina-watch/', 'http://www.cortina.com.sg//about']"
CREATIVE TECHNOLOGY LTD,http://www.creative.com,[]
CSE GLOBAL LIMITED,http://www.cse.com.sg,['http://www.cse.com.sg/OurCompany/AboutUs.html']
DELFI LIMITED,http://www.delfilimited.com,['http://www.delfilimited.com/about.html']
ENGRO CORPORATION LIMITED,http://www.engro-global.com,"['http://www.engro-global.com/about-us/', 'https://engro-global.com/about-us/', 'https://engro-global.com/about-engro/career/']"
F J BENJAMIN HOLDINGS LTD,http://www.fjbenjamin.com,[]
FAR EAST GROUP LIMITED,http://www.fareastgroup.com.sg/home.html,"['https://fareastgroup.com.sg/about/', 'https://fareastgroup.listedcompany.com/profile.html']"
FAR EAST ORCHARD LIMITED,http://www.fareastorchard.com.sg/,['http://www.fareastorchard.com.sg//corporate-profile.html']
FU YU CORPORATION LIMITED,https://www.fuyucorp.com/,"['https://fuyucorp.com/corporate-profile/', 'https://www.fuyucorp.com/home/corporate-profile/']"
GREAT EASTERN HOLDINGS LIMITED,http://www.greateasternlife.com,"['http://www.greateasternlife.com/sg/en/about-us/company-profile/our-leaders.html', 'http://www.greateasternlife.com/sg/en/about-us/media-centre.html', 'http://www.greateasternlife.com/sg/en/about-us/company-profile.html', 'https://www.greateasternlife.com/mm/en/about-us.html', 'http://www.greateasternlife.com/sg/en/about-us.html', 'https://www.greateasternlife.com/mm/my/about-us.html', 'https://uip.greateasternlife.com/econnect-new/#/profile', 'http://www.greateasternlife.com/sg/en/about-us/sustainability.html', 'http://www.greateasternlife.com/sg/en/about-us/investor-relations.html']"
HEETON HOLDINGS LIMITED,https://www.heeton.com/,"['https://www.heeton.com/corporate-profile', 'https://www.heeton.com/corporate-profile/about-us', 'https://www.heeton.com/corporate-profile/our-founder', 'https://www.heeton.com/about-us', 'https://www.heeton.com/corporate-profile/milestones', 'https://www.heeton.com/corporate-profile/our-people']"
HIAP SENG ENGINEERING LTD,http://www.hiapseng.com,[]
HOE LEONG CORPORATION LTD,https://hoeleong.com/,"['https://hoeleong.com/about/', 'https://hoeleong.com//about/']"
HONG LEONG FINANCE LIMITED,,[]
HOTEL GRAND CENTRAL LIMITED,,[]
HOTEL PROPERTIES LIMITED,http://www.shpreit.com,"['http://investor.shpreit.com/CorporateProfile', 'https://www.shpreit.com/responsibility/about/']"
HOTEL ROYAL LIMITED,http://royalqueens.com.sg,[]
IFS CAPITAL LIMITED,http://www.ifscapital.com.sg,['http://www.ifscapital.com.sg/about-us']
INTRACO LIMITED,https://www.intraco-consulting.com/,[]
ISETAN (SINGAPORE) LIMITED,http://www.isetan.com.sg,"['http://www.isetan.com.sg/about-us', 'https://www.isetan.com.sg/about-us/']"
JACKSPEED CORPORATION LIMITED,http://jackspeed.com/,['http://jackspeed.com//JackSpeed-About-Us-Jackspeed-Group-leather-manufacturer-leather-upholstery-automotive-seat-leather']
KHONG GUAN LIMITED,http://www.khongguan.com.sg/,"['https://www.khongguan.com.sg/about-us/', 'http://www.khongguan.com.sg/about-us/']"
KODA LTD,http://kodaonline.com,"['https://www.kodaonline.com/about', 'https://www.kodaonline.com/about#corporate_video', 'https://www.kodaonline.com/about#facilities']"
KS ENERGY LIMITED,http://WWW.KSENERGYSERVICES.COM,"['https://millerpipeline.com/about-miller-pipeline/', 'https://millerpipeline.com/about/pipeline-safety-management-system/']"
LEY CHOON GROUP HOLDINGS LIMITED,http://www.leychoon.com,[]
MANUFACTURING INTEGRATION TECHNOLOGY LTD,http://www.mit.com.sg,['http://www.mit.com.sg/index.html#aboutmspl']
MATEX INTERNATIONAL LIMITED,http://matex.com.sg,"['http://matex.com.sg/en/investor-relations/corporate-profile', 'http://matex.com.sg/en/about-us/featured-videos', 'http://matex.com.sg/en/about-us/ceo-message', 'http://matex.com.sg/en/about-us/history--milestones', 'https://unglobalcompact.sg/members-profile?organisation=2b24b5fa-706e-4697-8326-9bdbe1d2226e', 'http://matex.com.sg/about-us', 'http://matex.com.sg/en/about-us', 'http://matex.com.sg/en/about-us/our-vision-mission-values-promise']"
MEGACHEM LIMITED,https://www.megachem.com/home.html,[]
META HEALTH LIMITED,https://metahealth.sg/,"['https://metahealth.sg/about-us/key-management-team-profile/', 'https://metahealth.sg/about-us/board-of-directors/', 'https://metahealth.sg/about-us/corporate-position/', 'https://metahealth.sg/about-us/corporate-profile/', 'https://metahealth.sg/about-us/group-structure/', 'https://metahealth.sg/about-us/milestones/', 'https://metahealth.sg/about-us/']"
METIS ENERGY LIMITED,http://www.metisenergy.com,[]
METRO HOLDINGS LTD,https://www.metroholdings.com.sg,['https://www.metroholdings.com.sg/about_corporateprofile.html']
MIYOSHI LIMITED,http://miyoshiamerica.com/,"['http://miyoshiamerica.com//about-miyoshi/', 'https://miyoshiamerica.com/about-miyoshi/', 'http://miyoshiamerica.com//about-miyoshi']"
MUN SIONG ENGINEERING LIMITED,http://www.mun-siong.com,"['https://www.mun-siong.com/corporate-profile/', 'http://www.mun-siong.com/corporate-profile']"
NAM LEE PRESSED METAL INDUSTRIES LIMITED,,[]
NANOFILM TECHNOLOGIES INTERNATIONAL LIMITED,https://nti-nanofilm.com,[]
NERA TELECOMMUNICATIONS LTD,http://nera.net/,['https://www1.nera.net/company/about-us/']
NIPPECRAFT LIMITED,http://www.nippecraft.com.sg/,['https://www.nippecraft.com.sg/corporate-profile/']
NOEL GIFTS INTERNATIONAL LTD,http://www.noelgifts.com,['http://www.noelgifts.com/about-us']
NTEGRATOR HOLDINGS LIMITED,,[]
OSSIA INTERNATIONAL LIMITED,http://www.ossia.com.sg/,['https://www.ossia.com.sg/about']
OUE LIMITED,https://www.ouerestaurants.com/,['https://www.ouerestaurants.com//about-us']
OVERSEA-CHINESE BANKING CORPORATION LIMITED,,[]
PENGUIN INTERNATIONAL LIMITED,http://www.penguin.com.sg,"['http://www.penguin.com.sg/about-us/penguin-corporate-video/', 'https://www.penguin.com.sg/about-us/investor-relations/', 'https://www.penguin.com.sg/about-us/whistle-blowing-policy/', 'https://www.penguin.com.sg/about-us/corporate-profile/', 'https://www.penguin.com.sg/about-us/careers/', 'https://www.penguin.com.sg/about-us/']"
PNE INDUSTRIES LTD,http://www.pne.com.sg,"['https://pne.com.sg/industries/about-us/', 'https://pne.com.sg/industries/about/']"
PSC CORPORATION LTD,https://www.biotech.com,"['https://biotech.com/about-us/frequently-asked-questions-faq/', 'https://biotech.com/about-us/', 'https://biotech.com/about-us/leadership-team/', 'https://biotech.com/about-us/dei-statement/']"
QIAN HU CORPORATION LIMITED,http://www.qianhu.com,"['http://www.qianhu.com/about-qian-hu/key-management', 'http://www.qianhu.com/about-qian-hu', 'http://www.qianhu.com/about-qian-hu/qian-hu-story', 'http://www.qianhu.com/about-qian-hu/privacy-policy', 'http://www.qianhu.com/about-qian-hu/board-of-directors', 'http://www.qianhu.com/about-qian-hu/our-mission', 'http://www.qianhu.com/about-qian-hu/corporate-profile', 'http://www.qianhu.com/about-qian-hu/sitemap', 'http://www.qianhu.com/about-qian-hu/group-structure', 'http://www.qianhu.com/about-qian-hu/awards-n-accolades']"
RAFFLES MEDICAL GROUP LTD,http://www.rafflesmedicalgroup.com,"['https://www.rafflesmedicalgroup.com/our-group/about-us/our-heritage/', 'https://www.rafflesmedicalgroup.com/our-group/about-us/management/senior-management/', 'https://www.rafflesmedicalgroup.com/our-group/about-us/management/board-of-directors/', 'http://www.raffles-osaka.com/about/', 'https://www.rafflesmedicalgroup.com/our-group/about-us/corporate-fact-sheet/', 'https://www.rafflesmedicalgroup.com/our-group/about-us/awards/', 'https://www.rafflesmedicalgroup.com/our-group/about-us/milestones/', 'https://www.rafflesmedicalgroup.com/our-group/about-us/management/senior-physician-leaders/', 'https://www.rafflesmedicalgroup.com/our-group/about-us/vision-philosophy/']"
RH PETROGAS LIMITED,http://www.rhpetrogas.com,"['http://www.rhpetrogas.com/asset_profile.html', 'http://www.rhpetrogas.com/profile.html']"
SAKAE HOLDINGS LTD,http://www.sakaeholdings.com/,['https://www.sakaeholdings.com/about']
SAMUDERA SHIPPING LINE LTD,http://www.samudera.id/ssl,"['https://samudera.id/samuderashippinglineltd/en/5/aboutcompany', 'https://www.samudera.id/samuderashippinglineltd/en/5/aboutcompany', 'https://samudera.id/samuderashippinglineltd/en/5/aboutcompany#management']"
SBI OFFSHORE LIMITED,http://sg.statebank,"['https://sg.statebank/about-us1', 'https://sg.statebank/about-us', 'https://sg.statebank/about-sbi-singapore']"
SBS TRANSIT LTD,http://www.sbstransit.com.sg,['http://www.sbstransit.com.sg/about-us']
SECOND CHANCE PROPERTIES LTD,http://secondchance.com.sg,['http://secondchance.com.sg/#about']
SERIAL SYSTEM LTD,http://www.serialsystem.com,['https://serialsystem.com/about-serial/']
SEROJA INVESTMENTS LIMITED,,[]
SHANAYA LIMITED,https://www.shanayagroup.com/,['https://www.shanayagroup.com/about-us/']
SIA ENGINEERING COMPANY LIMITED,https://www.siaec.com.sg,['https://www.siaec.com.sg/company_profile.html']
SING INVESTMENTS & FINANCE LIMITED,http://www.sif.com.sg/,[]
SINGAPORE AIRLINES LIMITED,http://singaporeair.com/,[]
SINGAPORE POST LIMITED,http://www.singpost.com,"['http://www.singpost.com/about-us/careers', 'https://www.singpost.com/about-us/news-releases/singpost-achieved-record-full-year-revenue-s19-billion-86-group-revenue', 'http://www.singpost.com/about-us/investor-relations', 'https://www.singpost.com/about-us/news-releases/launch-scdf-singpost-aed-wheels-programme', 'https://www.singpost.com/about-us/news-releases/singpost-and-lazada-ink-mou-boost-adoption-carbon-efficient-ecommerce', 'https://www.singpost.com/about-us/news-releases/singpost-and-stellar-lifestyle-ink-mou-better-serve-consumers-and-smes', 'http://www.singpost.com/about-us/media-centre', 'https://www.singpost.com/about-us/news-releases/singpost-supports-promotion-mental-wellness-cheng-san-seletar-constituency', 'http://www.singpost.com/about-us', 'https://www.singpost.com/about-us/news-releases/']"
SINGAPORE TELECOMMUNICATIONS LIMITED,http://www.smarttel.com,[]
SITRA HOLDINGS (INTERNATIONAL) LIMITED,http://sitraholdings.com,"['http://www.sitraholdings.com/profile_legal.html', 'http://www.sitraholdings.com/profile_privacy.html', 'http://www.sitraholdings.com/profile_certification_fsc.html', 'http://www.sitraholdings.com/profile_background.html', 'http://sitraholdings.com/profile_background.html', 'http://www.sitraholdings.com/profile_qualityassurance.html', 'http://www.sitraholdings.com/profile_awards.html']"
SPINDEX INDUSTRIES LIMITED,http://www.spindex.com.sg,['http://www.spindex.com.sg/../en/About.aspx?ID=474']
STARHUB LTD,https://www.starhub.com,"['https://www.starhub.com/about-us/legal-notices-and-terms.html', 'https://www.starhub.com/about-us/legal-notices-and-terms/clickable-links.html', 'https://www.starhub.com/about-us.html', 'https://www.starhub.com/about-us/legal-notices-and-terms/personal-data-protection.html']"
SUNRISE SHARES HOLDINGS LTD,,[]
TAI SIN ELECTRIC LIMITED,https://www.taisin.com.sg,"['https://www.taisin.com.sg/about-us', 'https://www.taisin.com.sg/about-us/']"
TAT SENG PACKAGING GROUP LTD,http://www.tatseng-packaging.com,[]
TELECHOICE INTERNATIONAL LIMITED,http://www.telechoice.com.sg,"['http://www.telechoice.com.sg/about-consumer-business.html', 'http://www.telechoice.com.sg/corporate-profile.html', 'http://telechoice.listedcompany.com/profile.html']"
TT INTERNATIONAL LIMITED,http://tt-intl.com,[]
UNITED OVERSEAS INSURANCE LIMITED,https://www.uoi.com.sg/,"['https://www.uoi.com.sg//about/board-of-directors.page', 'https://www.uoi.com.sg//about/index.page', 'https://www.uoi.com.sg//about/corporate-development.page', 'https://www.uoi.com.sg//about/risk-management.page']"
VENTURE CORPORATION LIMITED,https://www.venture.com.sg/,['https://www.venture.com.sg/about/']
VICOM LTD,https://www.vicom.com.sg/,"['https://www.vicom.com.sg/About/Corporate-Responsibility', 'https://www.vicom.com.sg/Financials/News-About-Us', 'https://www.vicom.com.sg/About/Our-Vision-Mission-and-Core-Values', 'https://www.vicom.com.sg/About/Corporate-Profile', 'https://www.vicom.com.sg/About/Board-Of-Directors', 'https://www.vicom.com.sg/About/Key-Management']"
